{
	"uipoints":[
				{ "uipoint": 1, "type": "poxiao", "paypoint": 1 },
				{ "uipoint": 2, "type": "poxiao", "paypoint": 2 },
				{ "uipoint": 3, "type": "poxiao", "paypoint": 3 },
				{ "uipoint": 4, "type": "poxiao", "paypoint": 4 },
				{ "uipoint": 5, "type": "poxiao", "paypoint": 5 },
				{ "uipoint": 6, "type": "poxiao", "paypoint": 6 },
				{ "uipoint": 7, "type": "poxiao", "paypoint": 7 },
				{ "uipoint": 8, "type": "poxiao", "paypoint": 8 },
				{ "uipoint": 9, "type": "poxiao", "paypoint": 9 },
				{ "uipoint": 10, "type": "poxiao", "paypoint": 10 },
				{ "uipoint": 11, "type": "poxiao", "paypoint": 11 },
				{ "uipoint": 12, "type": "poxiao", "paypoint": 12 },
				{ "uipoint": 13, "type": "poxiao", "paypoint": 13 },
				{ "uipoint": 14, "type": "free", "paypoint": 15 },
				{ "uipoint": 15, "type": "free", "paypoint": 16 },
				{ "uipoint": 16, "type": "free", "paypoint": 17 },
				{ "uipoint": 17, "type": "free", "paypoint": 18 },
				{ "uipoint": 18, "type": "free", "paypoint": 19 },
				{ "uipoint": 19, "type": "free", "paypoint": 20 },
				{ "uipoint": 20, "type": "free", "paypoint": 21 },
				{ "uipoint": 21, "type": "free", "paypoint": 22 },
				{ "uipoint": 22, "type": "free", "paypoint": 23 },
				{ "uipoint": 23, "type": "letu", "paypoint": 1 },
				{ "uipoint": 24, "type": "letu", "paypoint": 2 },
				{ "uipoint": 25, "type": "letu", "paypoint": 3 },
				{ "uipoint": 26, "type": "letu", "paypoint": 4 },
				{ "uipoint": 27, "type": "letu", "paypoint": 5 },
				{ "uipoint": 28, "type": "letu", "paypoint": 6 },
				{ "uipoint": 29, "type": "letu", "paypoint": 7 },
				{ "uipoint": 30, "type": "letu", "paypoint": 8 },
				{ "uipoint": 31, "type": "letu", "paypoint": 9 },
				{ "uipoint": 32, "type": "letu", "paypoint": 10 },
				{ "uipoint": 33, "type": "letu", "paypoint": 11 },
				{ "uipoint": 34, "type": "letu", "paypoint": 12 },
				{ "uipoint": 35, "type": "letu", "paypoint": 13 },
				{ "uipoint": 36, "type": "sky", "paypoint": 1 },
				{ "uipoint": 37, "type": "sky", "paypoint": 2 },
				{ "uipoint": 38, "type": "sky", "paypoint": 3 },
				{ "uipoint": 39, "type": "sky", "paypoint": 4 },
				{ "uipoint": 40, "type": "sky", "paypoint": 5 },
				{ "uipoint": 41, "type": "sky", "paypoint": 6 },
				{ "uipoint": 42, "type": "sky", "paypoint": 7 },
				{ "uipoint": 43, "type": "sky", "paypoint": 8 },
				{ "uipoint": 44, "type": "sky", "paypoint": 9 },
				{ "uipoint": 45, "type": "sky", "paypoint": 10 },
				{ "uipoint": 46, "type": "sky", "paypoint": 11 },
				{ "uipoint": 47, "type": "sky", "paypoint": 12 },
				{ "uipoint": 48, "type": "sky", "paypoint": 13 },
                                { "uipoint": 49, "type": "poxiao", "paypoint": 14 },
                                { "uipoint": 50, "type": "letu", "paypoint": 14 },
                                { "uipoint": 51, "type": "sky", "paypoint": 14 },
                                { "uipoint": 52, "type": "iapcmcc", "paypoint": 14 },
				{ "uipoint": 53, "type": "iapcmcc", "paypoint": 1 },
				{ "uipoint": 54, "type": "iapcmcc", "paypoint": 2 },
				{ "uipoint": 55, "type": "iapcmcc", "paypoint": 3 },
				{ "uipoint": 56, "type": "iapcmcc", "paypoint": 4 },
				{ "uipoint": 57, "type": "iapcmcc", "paypoint": 5 },
				{ "uipoint": 58, "type": "iapcmcc", "paypoint": 6 },
				{ "uipoint": 59, "type": "iapcmcc", "paypoint": 7 },
				{ "uipoint": 60, "type": "iapcmcc", "paypoint": 8 },
				{ "uipoint": 61, "type": "iapcmcc", "paypoint": 9 },
				{ "uipoint": 62, "type": "iapcmcc", "paypoint": 10 },
				{ "uipoint": 63, "type": "iapcmcc", "paypoint": 11 },
				{ "uipoint": 64, "type": "iapcmcc", "paypoint": 12 },
				{ "uipoint": 65, "type": "iapcmcc", "paypoint": 13 }
	]
}
