<?xml version="1.0" encoding="UTF-8"?>
<consumerCodeList>
  
    <info name="K+2qFCIIuzs=" value="rBjpoJjNTd4="/>
    <info name="HhPyb1I/X38=" value="/NMOH17OmVhEl0XEB+C+Hw=="/>
    <info name="GgLfinTY1u9ayDld0SZ0Vg==" value="5HngkvIhquk="/>
    <info name="KsYPG2/wAfIRZj11LiAb0g==" value="kekBkHSIsOY="/>
    <info name="scX8LcJIjATJ505leQIQmw==" value="VQ+YVs8G0F8="/>
    <info name="+wCnwbVKOk0=" value="xaVeY8KprncKTAd4oMjK5Zv7s6wO7BaRJtk/uBB+qGk="/>
    <info name="k5ey4T96MpPsSWmVlv9sCw==" value="Eo88JtByUv59m+Ox+86BpnPXgWHUkHbM/vws7iZu0mk="/>
    <info name="fi1nEJ+f5S1zhaJRWmZuGA==" value="Eo88JtByUv6+pz8NZhaTmw=="/>
    <info name="m4/WaHQ5Xrc=" value="WFYWPrp7Ea/0oEEh9lCC1A=="/>
    <info name="AlDWi8bl2/bzTg3d3zZK/g==" value="UQ8scV4U858="/>
    <info name="qwBSSJjxT8qKapO1CbJkaA==" value="JKRFvnUEW6OWqOArx1lvQg=="/>
    <info name="RGVw4AQRs/I6priG96EeCQ==" value="jUM1i5vftXnJiw33A8jOMQ=="/>
    <info name="DsqqGcbpjC07RVpsENnKjw==" value="vwq3PpXUDz3bctPAvj6u/A=="/>
    <info name="Iw39W6xW2WgpkFZONZWB/Q==" value="AN+Ck7KEH3xPOaBoTXSl+Mw2Njq9Q/R3ms9e9pRVQp8EN/e8YYxwFNJHSbz+ c6lt6mN7OvWtYB8HmMDWJn7EbLv0xHCFNvGLvmaBoDTkRHwv2FfxdGZGcA=="/>
    <info name="HDobt+0GN++sGd1E6xqHXQ==" value="wQokaRO7nBhpeGFyz85T8w=="/>
    <info name="0VWu3O9n+DogtRWbAX6B8w==" value="kpUdHSXIXlo="/>
    <info name="DsqqGcbpjC07RVpsENnKjw==" value="db/n1fAGt8h2+MmLLqQw+g=="/>
    <info name="Iw39W6xW2WgpkFZONZWB/Q==" value="vwgcZSlRAYBVV31N6wrSKkvRBNqeA3RLElSiBs5R9bFiscE7KHbUxCO7m5/R IYk3MxWtMS2lMSRlChh4NShJFQEWyOpzQArwSR3i54vuzikPkzTJwDrbmw=="/>
    <info name="HDobt+0GN++sGd1E6xqHXQ==" value="Io+VsfUS5PIz7z8n6Rec2A=="/>
    <info name="0VWu3O9n+DogtRWbAX6B8w==" value="8zOvISvzYp0="/>
    <info name="DsqqGcbpjC07RVpsENnKjw==" value="6sT5Ap5oI3BcuPyQGQzyUw=="/>
    <info name="Iw39W6xW2WgpkFZONZWB/Q==" value="/TmKS1E+EK41vaApA+u83m3Ez0GcJzlzf4mISn/RgRJ0nGSTjwgA8m8V+MH/ TIEHydNHoxLTOiigkT35TApN4smaJ9Hnxlt1lCCLY3w+vMpX2Rc+Z8zvmh3U FQSnb/cv"/>
    <info name="HDobt+0GN++sGd1E6xqHXQ==" value="Em75XjfVRidb+txbunQ8bg=="/>
    <info name="0VWu3O9n+DogtRWbAX6B8w==" value="jPxSHbxNmf4="/>
    <info name="DsqqGcbpjC07RVpsENnKjw==" value="0/LSKUdRuWhHTvxUgYtWQQ=="/>
    <info name="Iw39W6xW2WgpkFZONZWB/Q==" value="KmISua4WUMIErW6k70Yyuea7N5YuyS3RyKIxY90mjd8UK3I3PlL2sKFArXEc XHWNvBBpwkx9KblEoOF9nzJemT0EgwsrxYV4l+IEouQBx51F+kddk/KqSA=="/>
    <info name="HDobt+0GN++sGd1E6xqHXQ==" value="wRMGnE7kHaGm6TZ5aVzSUw=="/>
    <info name="0VWu3O9n+DogtRWbAX6B8w==" value="BNA1sCh2RUM="/>
    <info name="DsqqGcbpjC07RVpsENnKjw==" value="VL/C2c7WIr+JWzvyYdEnrg=="/>
    <info name="Iw39W6xW2WgpkFZONZWB/Q==" value="efc4lXpeJ/Yig2po/OorjLrVv6nHuCPinT5mEMzXXUX+PkZaHE4SVt3MhFNf MKA1sCnTAqJbV3i0p+YnCRXYZFjTjrvvTEluxwb4jDvXDkihDmG+hFrffg=="/>
    <info name="HDobt+0GN++sGd1E6xqHXQ==" value="9m0sUOzBIztLdiB5/lWA3g=="/>
    <info name="0VWu3O9n+DogtRWbAX6B8w==" value="mlGeiOij3Es="/>
    <info name="DsqqGcbpjC07RVpsENnKjw==" value="BI+Wu9//dp/9fxdyCBY/OA=="/>
    <info name="Iw39W6xW2WgpkFZONZWB/Q==" value="SoDb2scSGK4yTXoIc7GWOe00IemApRvATuWLOyMAf7au/dF3yuzsoHrf3nWX kDVo0eJkYyb+Ven8HFVPZ+u1ZXYwu/luXPo8FA4X0dj9DXHNYbaqGwn1EA=="/>
    <info name="HDobt+0GN++sGd1E6xqHXQ==" value="yjr77OpQJavz8qbBKkc7VA=="/>
    <info name="0VWu3O9n+DogtRWbAX6B8w==" value="mvjJqs/8i4c="/>
    <info name="DsqqGcbpjC07RVpsENnKjw==" value="jkTYZLUbj7tTsI2paWKL1Q=="/>
    <info name="Iw39W6xW2WgpkFZONZWB/Q==" value="3kHIWY6xVNZr7N7t91wiqQ3vzmq9L9UlyxYxp1MdjMULcEMPw2L5J1od/ARp UYQOzl4FPYQZFRXs6R1L/nSoTKnyJSB7hepyeOUg7KKABAVgB3Gw8N/wqA=="/>
    <info name="HDobt+0GN++sGd1E6xqHXQ==" value="tH5HeQNJnzwDmVUQ+KP9pw=="/>
    <info name="0VWu3O9n+DogtRWbAX6B8w==" value="lxSsYDJlLio="/>
    <info name="DsqqGcbpjC07RVpsENnKjw==" value="2FyiuMJVa/3n5TKoKVNmdA=="/>
    <info name="Iw39W6xW2WgpkFZONZWB/Q==" value="bqM/JEvd6QXBY7HSodWnDeVNJchdaYL/DsNs8+9rFguI005gXKCntUQ+uy3P 2dy+P6R/IxtecV7KUAVymp9xMOCKUxRiuYwEgJMblZKgDLypL/t9dc4FT6wu NjwRBENtCKGD1LkEyIQ="/>
    <info name="HDobt+0GN++sGd1E6xqHXQ==" value="V+CZC5kr/RSS5cAW7tu7FQ=="/>
    <info name="0VWu3O9n+DogtRWbAX6B8w==" value="W4E1tHhwsM4="/>
    <info name="DsqqGcbpjC07RVpsENnKjw==" value="WbTELLxdsVSsSczUZsDUBw=="/>
    <info name="Iw39W6xW2WgpkFZONZWB/Q==" value="LCIzDW/O77p3otjZ2SJe1rjkMP1Fz5cu015Dx0iSQhKmoMSCtPyU4pct5pJH uAfa/V4jK3j2fzmjHyQi9Y6Wi1Mkbz1qpoQyQme5Nn0QvYzNw2b1q4Vwh8Fk tO1DpC550ua5pp7PzPg="/>
    <info name="HDobt+0GN++sGd1E6xqHXQ==" value="Q6YzToY6vyXJ5145z3HjwA=="/>
    <info name="0VWu3O9n+DogtRWbAX6B8w==" value="njqt9Puhaeg="/>
    <info name="DsqqGcbpjC07RVpsENnKjw==" value="x/3LE4SfvBD2VqIhQS8AtQ=="/>
    <info name="Iw39W6xW2WgpkFZONZWB/Q==" value="cL7pEjUNEDeDhRYfvWR8Pc/bdJjE2+lA+fPcmH8w8qUCdtt1bQCyLt5KjziO ZFGeDySw95WUvitdH2AgrVg5qpVMlA2Pdtb3zGwQcQhly/kzW6b64XU8vrUq HlaMh0AhbJUn9iZGroE="/>
    <info name="HDobt+0GN++sGd1E6xqHXQ==" value="DQV6O9AqVfMY9K2W8fJBeg=="/>
    <info name="0VWu3O9n+DogtRWbAX6B8w==" value="nK3WvwiVeMI="/>
    <info name="DsqqGcbpjC07RVpsENnKjw==" value="XCcvv5xHhDwQUgyZe12i9g=="/>
    <info name="Iw39W6xW2WgpkFZONZWB/Q==" value="6s0nUAsaTcPmxN3eHyeTMi3at4gUYbvfJyMOpDxeBM+DDRs0zIu5ErwD5RoQ k1vX1Mzk5sV8l33fIWC2NuWxskWhgI+8ypSMSP/nS2zXFVRlZ4ic+4Wt+A=="/>
    <info name="HDobt+0GN++sGd1E6xqHXQ==" value="xf/aSViJT/JH53DVFfTQng=="/>
    <info name="0VWu3O9n+DogtRWbAX6B8w==" value="GqIw9go/AjI="/>
    <info name="DsqqGcbpjC07RVpsENnKjw==" value="bOE9eimvr1tBtPhvdaVSmL1MFT0zKlTy"/>
    <info name="Iw39W6xW2WgpkFZONZWB/Q==" value="MQnmcbVB5SeYcCRpFe8h0iWEpLUnYvo7ylpkYH2P38/5x42tJeRFS76wfJRJ gsD7cRXQ/aC5j79e0fBSF7mNDk/hhMtIiG/Z"/>
    <info name="HDobt+0GN++sGd1E6xqHXQ==" value="aql4XOXP9gX/wjEgFL2Nig=="/>
    <info name="0VWu3O9n+DogtRWbAX6B8w==" value="QfSPIC5Eq5w="/>
    <info name="DsqqGcbpjC07RVpsENnKjw==" value="r1lLadJg/Kfqg01JcJHELsi6hirmC6NL"/>
    <info name="Iw39W6xW2WgpkFZONZWB/Q==" value="/xXYoB6VBJNVwiVWjrKv3QVaEtdFcPsWDxJGbfar8kd10pZTvVsYeiIpx+fn Bdpe5q79i2rAZo/VYzLnyxrGq49itP2fre/R"/>
    <info name="HDobt+0GN++sGd1E6xqHXQ==" value="+nRnEY1e6nJe712S1JH1xQ=="/>
    <info name="0VWu3O9n+DogtRWbAX6B8w==" value="kO8s9OsKTIk="/>
    <info name="DsqqGcbpjC07RVpsENnKjw==" value="bpglfQqV/FPmwtaDsXqqbw=="/>
    <info name="Iw39W6xW2WgpkFZONZWB/Q==" value="eiwzKiUtk92TTxXdb5fd4Gxs8AkbglnxY7tMFhR79StDlgl66zoT+uPaD6kD ItlkiS7aHOxCnnGZDtiJ9A+LQ50FgccPRqwfQmnhga0lZYgb1m02qDe7Idv8 pKKFn/X2BzMWg/etFtJPLzvbeRJ3jMtqjSDncKQgHSpDMQs+1W78IKCJsF8W 8wON3sQBuE2R"/>
    <info name="HDobt+0GN++sGd1E6xqHXQ==" value="Jp2vB8aduM99N/d0OUZexA=="/>
    <info name="0VWu3O9n+DogtRWbAX6B8w==" value="IGWBB22oLZo="/>
  
</consumerCodeList>
