{
	"paypoints":[
		{ 
			"id": 0,
			"elements": [
				{ "type": "image", "x": 0, "y": 0, "width": 480, "height": 800, "defaultname": "pay_bg.png", "specialname": "pay_bg.png" },
				{ "type": "confirmbutton", "x": 130, "y": 630, "width": 220, "height": 80, "defaultname": "pay_confirm_up.png", "specialname": "pay_confirm_down.png" },
				{ "type": "cancelbutton", "x": 410, "y": 10, "width": 60, "height": 60, "defaultname": "pay_cancel_up.png", "specialname": "pay_cancel_down.png" },
				{ "type": "image", "x": 0, "y": 255, "width": 480, "height": 260, "defaultname": "pay_tip_goods_1.png", "specialname": "pay_tip_goods_1.png" },
				{ "type": "image", "x": 0, "y": 550, "width": 480, "height": 18, "defaultname": "pay_info_second.png", "specialname": "pay_info_second.png" }
			]
		},
		{ 
			"id": 1,
			"elements": [
				{ "type": "image", "x": 0, "y": 0, "width": 480, "height": 800, "defaultname": "pay_bg.png", "specialname": "pay_bg.png" },
				{ "type": "confirmbutton", "x": 130, "y": 630, "width": 220, "height": 80, "defaultname": "pay_confirm_up.png", "specialname": "pay_confirm_down.png" },
				{ "type": "cancelbutton", "x": 410, "y": 10, "width": 60, "height": 60, "defaultname": "pay_cancel_up.png", "specialname": "pay_cancel_down.png" },
				{ "type": "image", "x": 0, "y": 255, "width": 480, "height": 260, "defaultname": "pay_tip_goods_1.png", "specialname": "pay_tip_goods_1.png" },
				{ "type": "image", "x": 0, "y": 520, "width": 480, "height": 100, "defaultname": "pay_title_1.png", "specialname": "pay_title_1.png" },
				{ "type": "image", "x": 0, "y": 680, "width": 480, "height": 90, "defaultname": "pay_tip_info.png", "specialname": "pay_tip_info.png" }
			]
		},
		{ 
			"id": 2,
			"elements": [
				{ "type": "image", "x": 0, "y": 0, "width": 480, "height": 800, "defaultname": "pay_bg.png", "specialname": "pay_bg.png" },
				{ "type": "confirmbutton", "x": 130, "y": 630, "width": 220, "height": 80, "defaultname": "pay_confirm_up.png", "specialname": "pay_confirm_down.png" },
				{ "type": "cancelbutton", "x": 410, "y": 10, "width": 60, "height": 60, "defaultname": "pay_cancel_up.png", "specialname": "pay_cancel_down.png" },
				{ "type": "image", "x": 0, "y": 255, "width": 480, "height": 260, "defaultname": "pay_tip_goods_1.png", "specialname": "pay_tip_goods_1.png" },
				{ "type": "image", "x": 0, "y": 520, "width": 480, "height": 100, "defaultname": "pay_title_2.png", "specialname": "pay_title_2.png" },
				{ "type": "image", "x": 0, "y": 680, "width": 480, "height": 90, "defaultname": "pay_tip_info.png", "specialname": "pay_tip_info.png" }
			]
		},
		{ 
			"id": 3,
			"elements": [
				{ "type": "image", "x": 0, "y": 0, "width": 480, "height": 800, "defaultname": "pay_bg.png", "specialname": "pay_bg.png" },
				{ "type": "confirmbutton", "x": 130, "y": 630, "width": 220, "height": 80, "defaultname": "pay_confirm_up.png", "specialname": "pay_confirm_down.png" },
				{ "type": "cancelbutton", "x": 410, "y": 10, "width": 60, "height": 60, "defaultname": "pay_cancel_up.png", "specialname": "pay_cancel_down.png" },
				{ "type": "image", "x": 0, "y": 255, "width": 480, "height": 260, "defaultname": "pay_tip_goods_1.png", "specialname": "pay_tip_goods_1.png" },
				{ "type": "image", "x": 0, "y": 520, "width": 480, "height": 100, "defaultname": "pay_title_3.png", "specialname": "pay_title_3.png" },
				{ "type": "image", "x": 0, "y": 680, "width": 480, "height": 90, "defaultname": "pay_tip_info.png", "specialname": "pay_tip_info.png" }
			]
		},
		{ 
			"id": 4,
			"elements": [
				{ "type": "image", "x": 0, "y": 0, "width": 480, "height": 800, "defaultname": "pay_bg.png", "specialname": "pay_bg.png" },
				{ "type": "confirmbutton", "x": 130, "y": 630, "width": 220, "height": 80, "defaultname": "pay_confirm_up.png", "specialname": "pay_confirm_down.png" },
				{ "type": "cancelbutton", "x": 410, "y": 10, "width": 60, "height": 60, "defaultname": "pay_cancel_up.png", "specialname": "pay_cancel_down.png" },
				{ "type": "image", "x": 0, "y": 255, "width": 480, "height": 260, "defaultname": "pay_tip_goods_2.png", "specialname": "pay_tip_goods_2.png" },
				{ "type": "image", "x": 0, "y": 520, "width": 480, "height": 100, "defaultname": "pay_title_4.png", "specialname": "pay_title_4.png" },
				{ "type": "image", "x": 0, "y": 680, "width": 480, "height": 90, "defaultname": "pay_tip_info.png", "specialname": "pay_tip_info.png" }
			]
		},
		{ 
			"id": 5,
			"elements": [
				{ "type": "image", "x": 0, "y": 0, "width": 480, "height": 800, "defaultname": "pay_bg.png", "specialname": "pay_bg.png" },
				{ "type": "confirmbutton", "x": 130, "y": 630, "width": 220, "height": 80, "defaultname": "pay_confirm_up.png", "specialname": "pay_confirm_down.png" },
				{ "type": "cancelbutton", "x": 410, "y": 10, "width": 60, "height": 60, "defaultname": "pay_cancel_up.png", "specialname": "pay_cancel_down.png" },
				{ "type": "image", "x": 0, "y": 255, "width": 480, "height": 260, "defaultname": "pay_tip_goods_1.png", "specialname": "pay_tip_goods_1.png" },
				{ "type": "image", "x": 0, "y": 520, "width": 480, "height": 100, "defaultname": "pay_title_1.png", "specialname": "pay_title_1.png" },
				{ "type": "image", "x": 0, "y": 680, "width": 480, "height": 90, "defaultname": "pay_tip_info.png", "specialname": "pay_tip_info.png" }
			]
		},
		{ 
			"id": 6,
			"elements": [
				{ "type": "image", "x": 0, "y": 0, "width": 480, "height": 800, "defaultname": "pay_bg.png", "specialname": "pay_bg.png" },
				{ "type": "confirmbutton", "x": 130, "y": 630, "width": 220, "height": 80, "defaultname": "pay_confirm_up.png", "specialname": "pay_confirm_down.png" },
				{ "type": "cancelbutton", "x": 410, "y": 10, "width": 60, "height": 60, "defaultname": "pay_cancel_up.png", "specialname": "pay_cancel_down.png" },
				{ "type": "image", "x": 0, "y": 255, "width": 480, "height": 260, "defaultname": "pay_tip_goods_1.png", "specialname": "pay_tip_goods_1.png" },
				{ "type": "image", "x": 0, "y": 520, "width": 480, "height": 100, "defaultname": "pay_title_2.png", "specialname": "pay_title_2.png" },
				{ "type": "image", "x": 0, "y": 680, "width": 480, "height": 90, "defaultname": "pay_tip_info.png", "specialname": "pay_tip_info.png" }
			]
		},
		{ 
			"id": 7,
			"elements": [
				{ "type": "image", "x": 0, "y": 0, "width": 480, "height": 800, "defaultname": "pay_bg.png", "specialname": "pay_bg.png" },
				{ "type": "confirmbutton", "x": 130, "y": 630, "width": 220, "height": 80, "defaultname": "pay_confirm_up.png", "specialname": "pay_confirm_down.png" },
				{ "type": "cancelbutton", "x": 410, "y": 10, "width": 60, "height": 60, "defaultname": "pay_cancel_up.png", "specialname": "pay_cancel_down.png" },
				{ "type": "image", "x": 0, "y": 255, "width": 480, "height": 260, "defaultname": "pay_tip_goods_1.png", "specialname": "pay_tip_goods_1.png" },
				{ "type": "image", "x": 0, "y": 520, "width": 480, "height": 100, "defaultname": "pay_title_3.png", "specialname": "pay_title_3.png" },
				{ "type": "image", "x": 0, "y": 680, "width": 480, "height": 90, "defaultname": "pay_tip_info.png", "specialname": "pay_tip_info.png" }
			]
		},
		{ 
			"id": 8,
			"elements": [
				{ "type": "image", "x": 0, "y": 0, "width": 480, "height": 800, "defaultname": "pay_bg.png", "specialname": "pay_bg.png" },
				{ "type": "confirmbutton", "x": 130, "y": 630, "width": 220, "height": 80, "defaultname": "pay_confirm_up.png", "specialname": "pay_confirm_down.png" },
				{ "type": "cancelbutton", "x": 410, "y": 10, "width": 60, "height": 60, "defaultname": "pay_cancel_up.png", "specialname": "pay_cancel_down.png" },
				{ "type": "image", "x": 0, "y": 255, "width": 480, "height": 260, "defaultname": "pay_tip_goods_1.png", "specialname": "pay_tip_goods_1.png" },
				{ "type": "image", "x": 0, "y": 520, "width": 480, "height": 100, "defaultname": "pay_title_1.png", "specialname": "pay_title_1.png" },
				{ "type": "image", "x": 0, "y": 680, "width": 480, "height": 90, "defaultname": "pay_tip_info.png", "specialname": "pay_tip_info.png" }
			]
		},
		{ 
			"id": 9,
			"elements": [
				{ "type": "image", "x": 0, "y": 0, "width": 480, "height": 800, "defaultname": "pay_bg.png", "specialname": "pay_bg.png" },
				{ "type": "confirmbutton", "x": 130, "y": 630, "width": 220, "height": 80, "defaultname": "pay_confirm_up.png", "specialname": "pay_confirm_down.png" },
				{ "type": "cancelbutton", "x": 410, "y": 10, "width": 60, "height": 60, "defaultname": "pay_cancel_up.png", "specialname": "pay_cancel_down.png" },
				{ "type": "image", "x": 0, "y": 255, "width": 480, "height": 260, "defaultname": "pay_tip_goods_1.png", "specialname": "pay_tip_goods_1.png" },
				{ "type": "image", "x": 0, "y": 520, "width": 480, "height": 100, "defaultname": "pay_title_2.png", "specialname": "pay_title_2.png" },
				{ "type": "image", "x": 0, "y": 680, "width": 480, "height": 90, "defaultname": "pay_tip_info.png", "specialname": "pay_tip_info.png" }
			]
		},
		{ 
			"id": 10,
			"elements": [
				{ "type": "image", "x": 0, "y": 0, "width": 480, "height": 800, "defaultname": "pay_bg.png", "specialname": "pay_bg.png" },
				{ "type": "confirmbutton", "x": 130, "y": 630, "width": 220, "height": 80, "defaultname": "pay_confirm_up.png", "specialname": "pay_confirm_down.png" },
				{ "type": "cancelbutton", "x": 410, "y": 10, "width": 60, "height": 60, "defaultname": "pay_cancel_up.png", "specialname": "pay_cancel_down.png" },
				{ "type": "image", "x": 0, "y": 255, "width": 480, "height": 260, "defaultname": "pay_tip_goods_1.png", "specialname": "pay_tip_goods_1.png" },
				{ "type": "image", "x": 0, "y": 520, "width": 480, "height": 100, "defaultname": "pay_title_3.png", "specialname": "pay_title_3.png" },
				{ "type": "image", "x": 0, "y": 680, "width": 480, "height": 90, "defaultname": "pay_tip_info.png", "specialname": "pay_tip_info.png" }
			]
		},
		{ 
			"id": 11,
			"elements": [
				{ "type": "image", "x": 0, "y": 0, "width": 480, "height": 800, "defaultname": "pay_bg.png", "specialname": "pay_bg.png" },
				{ "type": "confirmbutton", "x": 130, "y": 630, "width": 220, "height": 80, "defaultname": "pay_confirm_up.png", "specialname": "pay_confirm_down.png" },
				{ "type": "cancelbutton", "x": 410, "y": 10, "width": 60, "height": 60, "defaultname": "pay_cancel_up.png", "specialname": "pay_cancel_down.png" },
				{ "type": "image", "x": 0, "y": 255, "width": 480, "height": 260, "defaultname": "pay_tip_goods_1.png", "specialname": "pay_tip_goods_1.png" },
				{ "type": "image", "x": 0, "y": 520, "width": 480, "height": 100, "defaultname": "pay_title_11.png", "specialname": "pay_title_11.png" },
				{ "type": "image", "x": 0, "y": 680, "width": 480, "height": 90, "defaultname": "pay_tip_info.png", "specialname": "pay_tip_info.png" }
			]
		},
		{ 
			"id": 12,
			"elements": [
				{ "type": "image", "x": 0, "y": 0, "width": 480, "height": 800, "defaultname": "pay_bg.png", "specialname": "pay_bg.png" },
				{ "type": "confirmbutton", "x": 130, "y": 630, "width": 220, "height": 80, "defaultname": "pay_confirm_up.png", "specialname": "pay_confirm_down.png" },
				{ "type": "cancelbutton", "x": 410, "y": 10, "width": 60, "height": 60, "defaultname": "pay_cancel_up.png", "specialname": "pay_cancel_down.png" },
				{ "type": "image", "x": 0, "y": 255, "width": 480, "height": 260, "defaultname": "pay_tip_goods_3.png", "specialname": "pay_tip_goods_3.png" },
				{ "type": "image", "x": 0, "y": 520, "width": 480, "height": 100, "defaultname": "pay_title_12.png", "specialname": "pay_title_12.png" },
				{ "type": "image", "x": 0, "y": 680, "width": 480, "height": 90, "defaultname": "pay_tip_info.png", "specialname": "pay_tip_info.png" }
			]
		},
		{ 
			"id": 13,
			"elements": [
				{ "type": "image", "x": 0, "y": 0, "width": 480, "height": 800, "defaultname": "pay_bg.png", "specialname": "pay_bg.png" },
				{ "type": "confirmbutton", "x": 130, "y": 630, "width": 220, "height": 80, "defaultname": "pay_confirm_up.png", "specialname": "pay_confirm_down.png" },
				{ "type": "cancelbutton", "x": 410, "y": 10, "width": 60, "height": 60, "defaultname": "pay_cancel_up.png", "specialname": "pay_cancel_down.png" },
				{ "type": "image", "x": 0, "y": 255, "width": 480, "height": 260, "defaultname": "pay_tip_goods_3.png", "specialname": "pay_tip_goods_3.png" },
				{ "type": "image", "x": 0, "y": 520, "width": 480, "height": 100, "defaultname": "pay_title_13.png", "specialname": "pay_title_13.png" },
				{ "type": "image", "x": 0, "y": 680, "width": 480, "height": 90, "defaultname": "pay_tip_info.png", "specialname": "pay_tip_info.png" }
			]
		},
		{ 
			"id": 15,
			"elements": [
				{ "type": "image", "x": 0, "y": 0, "width": 480, "height": 800, "defaultname": "pay_bg.png", "specialname": "pay_bg.png" },
				{ "type": "confirmbutton", "x": 130, "y": 630, "width": 220, "height": 80, "defaultname": "pay_confirm_up.png", "specialname": "pay_confirm_down.png" },
				{ "type": "cancelbutton", "x": 410, "y": 10, "width": 60, "height": 60, "defaultname": "pay_cancel_up.png", "specialname": "pay_cancel_down.png" },
				{ "type": "image", "x": 0, "y": 255, "width": 480, "height": 260, "defaultname": "pay_tip_goods_2.png", "specialname": "pay_tip_goods_2.png" },
				{ "type": "image", "x": 0, "y": 520, "width": 480, "height": 100, "defaultname": "pay_title_15.png", "specialname": "pay_title_15.png" }
			]
		},
		{ 
			"id": 16,
			"elements": [
				{ "type": "image", "x": 0, "y": 0, "width": 480, "height": 800, "defaultname": "pay_bg.png", "specialname": "pay_bg.png" },
				{ "type": "confirmbutton", "x": 130, "y": 630, "width": 220, "height": 80, "defaultname": "pay_confirm_up.png", "specialname": "pay_confirm_down.png" },
				{ "type": "cancelbutton", "x": 410, "y": 10, "width": 60, "height": 60, "defaultname": "pay_cancel_up.png", "specialname": "pay_cancel_down.png" },
				{ "type": "image", "x": 0, "y": 255, "width": 480, "height": 260, "defaultname": "pay_tip_goods_2.png", "specialname": "pay_tip_goods_2.png" },
				{ "type": "image", "x": 0, "y": 520, "width": 480, "height": 100, "defaultname": "pay_title_16.png", "specialname": "pay_title_16.png" }
			]
		},
		{ 
			"id": 17,
			"elements": [
				{ "type": "image", "x": 0, "y": 0, "width": 480, "height": 800, "defaultname": "pay_bg.png", "specialname": "pay_bg.png" },
				{ "type": "confirmbutton", "x": 130, "y": 630, "width": 220, "height": 80, "defaultname": "pay_confirm_up.png", "specialname": "pay_confirm_down.png" },
				{ "type": "cancelbutton", "x": 410, "y": 10, "width": 60, "height": 60, "defaultname": "pay_cancel_up.png", "specialname": "pay_cancel_down.png" },
				{ "type": "image", "x": 0, "y": 255, "width": 480, "height": 260, "defaultname": "pay_tip_goods_2.png", "specialname": "pay_tip_goods_2.png" },
				{ "type": "image", "x": 0, "y": 520, "width": 480, "height": 100, "defaultname": "pay_title_17.png", "specialname": "pay_title_17.png" }
			]
		},
		{ 
			"id": 18,
			"elements": [
				{ "type": "image", "x": 0, "y": 0, "width": 480, "height": 800, "defaultname": "pay_bg.png", "specialname": "pay_bg.png" },
				{ "type": "confirmbutton", "x": 130, "y": 630, "width": 220, "height": 80, "defaultname": "pay_confirm_up.png", "specialname": "pay_confirm_down.png" },
				{ "type": "cancelbutton", "x": 410, "y": 10, "width": 60, "height": 60, "defaultname": "pay_cancel_up.png", "specialname": "pay_cancel_down.png" },
				{ "type": "image", "x": 0, "y": 255, "width": 480, "height": 260, "defaultname": "pay_tip_goods_2.png", "specialname": "pay_tip_goods_2.png" },
				{ "type": "image", "x": 0, "y": 520, "width": 480, "height": 100, "defaultname": "pay_title_18.png", "specialname": "pay_title_18.png" }
			]
		},
		{ 
			"id": 19,
			"elements": [
				{ "type": "image", "x": 0, "y": 0, "width": 480, "height": 800, "defaultname": "pay_bg.png", "specialname": "pay_bg.png" },
				{ "type": "confirmbutton", "x": 130, "y": 630, "width": 220, "height": 80, "defaultname": "pay_confirm_up.png", "specialname": "pay_confirm_down.png" },
				{ "type": "cancelbutton", "x": 410, "y": 10, "width": 60, "height": 60, "defaultname": "pay_cancel_up.png", "specialname": "pay_cancel_down.png" },
				{ "type": "image", "x": 0, "y": 255, "width": 480, "height": 260, "defaultname": "pay_tip_goods_3.png", "specialname": "pay_tip_goods_3.png" },
				{ "type": "image", "x": 0, "y": 520, "width": 480, "height": 100, "defaultname": "pay_title_19.png", "specialname": "pay_title_19.png" }
			]
		},
		{ 
			"id": 20,
			"elements": [
				{ "type": "image", "x": 0, "y": 0, "width": 480, "height": 800, "defaultname": "pay_bg.png", "specialname": "pay_bg.png" },
				{ "type": "confirmbutton", "x": 130, "y": 630, "width": 220, "height": 80, "defaultname": "pay_confirm_up.png", "specialname": "pay_confirm_down.png" },
				{ "type": "cancelbutton", "x": 410, "y": 10, "width": 60, "height": 60, "defaultname": "pay_cancel_up.png", "specialname": "pay_cancel_down.png" },
				{ "type": "image", "x": 0, "y": 255, "width": 480, "height": 260, "defaultname": "pay_tip_goods_3.png", "specialname": "pay_tip_goods_3.png" },
				{ "type": "image", "x": 0, "y": 520, "width": 480, "height": 100, "defaultname": "pay_title_20.png", "specialname": "pay_title_20.png" }
			]
		},
		{ 
			"id": 21,
			"elements": [
				{ "type": "image", "x": 0, "y": 0, "width": 480, "height": 800, "defaultname": "pay_bg.png", "specialname": "pay_bg.png" },
				{ "type": "confirmbutton", "x": 130, "y": 630, "width": 220, "height": 80, "defaultname": "pay_confirm_up.png", "specialname": "pay_confirm_down.png" },
				{ "type": "cancelbutton", "x": 410, "y": 10, "width": 60, "height": 60, "defaultname": "pay_cancel_up.png", "specialname": "pay_cancel_down.png" },
				{ "type": "image", "x": 0, "y": 255, "width": 480, "height": 260, "defaultname": "pay_tip_goods_3.png", "specialname": "pay_tip_goods_3.png" },
				{ "type": "image", "x": 0, "y": 520, "width": 480, "height": 100, "defaultname": "pay_title_21.png", "specialname": "pay_title_21.png" }
			]
		},
		{ 
			"id": 22,
			"elements": [
				{ "type": "image", "x": 0, "y": 0, "width": 480, "height": 800, "defaultname": "pay_bg.png", "specialname": "pay_bg.png" },
				{ "type": "confirmbutton", "x": 130, "y": 630, "width": 220, "height": 80, "defaultname": "pay_confirm_up.png", "specialname": "pay_confirm_down.png" },
				{ "type": "cancelbutton", "x": 410, "y": 10, "width": 60, "height": 60, "defaultname": "pay_cancel_up.png", "specialname": "pay_cancel_down.png" },
				{ "type": "image", "x": 0, "y": 255, "width": 480, "height": 260, "defaultname": "pay_tip_goods_3.png", "specialname": "pay_tip_goods_3.png" },
				{ "type": "image", "x": 0, "y": 520, "width": 480, "height": 100, "defaultname": "pay_title_22.png", "specialname": "pay_title_22.png" }
			]
		},
		{ 
			"id": 23,
			"elements": [
				{ "type": "image", "x": 0, "y": 0, "width": 480, "height": 800, "defaultname": "pay_bg.png", "specialname": "pay_bg.png" },
				{ "type": "confirmbutton", "x": 130, "y": 630, "width": 220, "height": 80, "defaultname": "pay_confirm_up.png", "specialname": "pay_confirm_down.png" },
				{ "type": "cancelbutton", "x": 410, "y": 10, "width": 60, "height": 60, "defaultname": "pay_cancel_up.png", "specialname": "pay_cancel_down.png" },
				{ "type": "image", "x": 0, "y": 255, "width": 480, "height": 260, "defaultname": "pay_tip_goods_3.png", "specialname": "pay_tip_goods_3.png" },
				{ "type": "image", "x": 0, "y": 520, "width": 480, "height": 100, "defaultname": "pay_title_23.png", "specialname": "pay_title_23.png" }
			]
		},
		{ 
			"id": 24,
			"elements": [
				{ "type": "image", "x": 0, "y": 0, "width": 480, "height": 800, "defaultname": "pay_bg.png", "specialname": "pay_bg.png" },
				{ "type": "confirmbutton", "x": 130, "y": 630, "width": 220, "height": 80, "defaultname": "pay_confirm_up.png", "specialname": "pay_confirm_down.png" },
				{ "type": "cancelbutton", "x": 410, "y": 10, "width": 60, "height": 60, "defaultname": "pay_cancel_up.png", "specialname": "pay_cancel_down.png" },
				{ "type": "image", "x": 0, "y": 255, "width": 480, "height": 260, "defaultname": "pay_tip_goods_1.png", "specialname": "pay_tip_goods_1.png" },
				{ "type": "image", "x": 0, "y": 520, "width": 480, "height": 100, "defaultname": "pay_title_24.png", "specialname": "pay_title_24.png" },
				{ "type": "image", "x": 0, "y": 680, "width": 480, "height": 90, "defaultname": "pay_tip_info1.png", "specialname": "pay_tip_info1.png" }
			]
		},
		{ 
			"id": 25,
			"elements": [
				{ "type": "image", "x": 0, "y": 0, "width": 480, "height": 800, "defaultname": "pay_bg.png", "specialname": "pay_bg.png" },
				{ "type": "confirmbutton", "x": 130, "y": 630, "width": 220, "height": 80, "defaultname": "pay_confirm_up.png", "specialname": "pay_confirm_down.png" },
				{ "type": "cancelbutton", "x": 410, "y": 10, "width": 60, "height": 60, "defaultname": "pay_cancel_up.png", "specialname": "pay_cancel_down.png" },
				{ "type": "image", "x": 0, "y": 255, "width": 480, "height": 260, "defaultname": "pay_tip_goods_1.png", "specialname": "pay_tip_goods_1.png" },
				{ "type": "image", "x": 0, "y": 520, "width": 480, "height": 100, "defaultname": "pay_title_24.png", "specialname": "pay_title_24.png" },
				{ "type": "image", "x": 0, "y": 680, "width": 480, "height": 90, "defaultname": "pay_tip_info_lt1.png", "specialname": "pay_tip_info_lt1.png" }
			]
		},
		{ 
			"id": 26,
			"elements": [
				{ "type": "image", "x": 0, "y": 0, "width": 480, "height": 800, "defaultname": "pay_bg.png", "specialname": "pay_bg.png" },
				{ "type": "confirmbutton", "x": 130, "y": 630, "width": 220, "height": 80, "defaultname": "pay_confirm_up.png", "specialname": "pay_confirm_down.png" },
				{ "type": "cancelbutton", "x": 410, "y": 10, "width": 60, "height": 60, "defaultname": "pay_cancel_up.png", "specialname": "pay_cancel_down.png" },
				{ "type": "image", "x": 0, "y": 255, "width": 480, "height": 260, "defaultname": "pay_tip_goods_1.png", "specialname": "pay_tip_goods_1.png" },
				{ "type": "image", "x": 0, "y": 520, "width": 480, "height": 100, "defaultname": "pay_title_24.png", "specialname": "pay_title_24.png" },
				{ "type": "image", "x": 0, "y": 680, "width": 480, "height": 90, "defaultname": "pay_tip_sky1.png", "specialname": "pay_tip_sky1.png" }
			]
		},
		{ 
			"id": 27,
			"elements": [
				{ "type": "image", "x": 0, "y": 0, "width": 480, "height": 800, "defaultname": "pay_bg.png", "specialname": "pay_bg.png" },
				{ "type": "confirmbutton", "x": 130, "y": 630, "width": 220, "height": 80, "defaultname": "pay_confirm_up.png", "specialname": "pay_confirm_down.png" },
				{ "type": "cancelbutton", "x": 410, "y": 10, "width": 60, "height": 60, "defaultname": "pay_cancel_up.png", "specialname": "pay_cancel_down.png" },
				{ "type": "image", "x": 0, "y": 255, "width": 480, "height": 260, "defaultname": "pay_tip_goods_1.png", "specialname": "pay_tip_goods_1.png" },
				{ "type": "image", "x": 0, "y": 520, "width": 480, "height": 100, "defaultname": "pay_title_24.png", "specialname": "pay_title_24.png" },
				{ "type": "image", "x": 0, "y": 680, "width": 480, "height": 90, "defaultname": "pay_tip_info1.png", "specialname": "pay_tip_info1.png" }
			]
		},
		{ 
			"id": 28,
			"elements": [
				{ "type": "image", "x": 0, "y": 0, "width": 480, "height": 800, "defaultname": "pay_bg.png", "specialname": "pay_bg.png" },
				{ "type": "confirmbutton", "x": 130, "y": 630, "width": 220, "height": 80, "defaultname": "pay_confirm_up.png", "specialname": "pay_confirm_down.png" },
				{ "type": "cancelbutton", "x": 410, "y": 10, "width": 60, "height": 60, "defaultname": "pay_cancel_up.png", "specialname": "pay_cancel_down.png" },
				{ "type": "image", "x": 0, "y": 255, "width": 480, "height": 260, "defaultname": "pay_tip_goods_1.png", "specialname": "pay_tip_goods_1.png" },
				{ "type": "image", "x": 0, "y": 520, "width": 480, "height": 100, "defaultname": "pay_title_1.png", "specialname": "pay_title_1.png" },
				{ "type": "image", "x": 0, "y": 680, "width": 480, "height": 90, "defaultname": "pay_tip_info_lt.png", "specialname": "pay_tip_info_lt.png" }
			]
		},
		{ 
			"id": 29,
			"elements": [
				{ "type": "image", "x": 0, "y": 0, "width": 480, "height": 800, "defaultname": "pay_bg.png", "specialname": "pay_bg.png" },
				{ "type": "confirmbutton", "x": 130, "y": 630, "width": 220, "height": 80, "defaultname": "pay_confirm_up.png", "specialname": "pay_confirm_down.png" },
				{ "type": "cancelbutton", "x": 410, "y": 10, "width": 60, "height": 60, "defaultname": "pay_cancel_up.png", "specialname": "pay_cancel_down.png" },
				{ "type": "image", "x": 0, "y": 255, "width": 480, "height": 260, "defaultname": "pay_tip_goods_1.png", "specialname": "pay_tip_goods_1.png" },
				{ "type": "image", "x": 0, "y": 520, "width": 480, "height": 100, "defaultname": "pay_title_2.png", "specialname": "pay_title_2.png" },
				{ "type": "image", "x": 0, "y": 680, "width": 480, "height": 90, "defaultname": "pay_tip_info_lt.png", "specialname": "pay_tip_info_lt.png" }
			]
		},
		{ 
			"id": 30,
			"elements": [
				{ "type": "image", "x": 0, "y": 0, "width": 480, "height": 800, "defaultname": "pay_bg.png", "specialname": "pay_bg.png" },
				{ "type": "confirmbutton", "x": 130, "y": 630, "width": 220, "height": 80, "defaultname": "pay_confirm_up.png", "specialname": "pay_confirm_down.png" },
				{ "type": "cancelbutton", "x": 410, "y": 10, "width": 60, "height": 60, "defaultname": "pay_cancel_up.png", "specialname": "pay_cancel_down.png" },
				{ "type": "image", "x": 0, "y": 255, "width": 480, "height": 260, "defaultname": "pay_tip_goods_1.png", "specialname": "pay_tip_goods_1.png" },
				{ "type": "image", "x": 0, "y": 520, "width": 480, "height": 100, "defaultname": "pay_title_3.png", "specialname": "pay_title_3.png" },
				{ "type": "image", "x": 0, "y": 680, "width": 480, "height": 90, "defaultname": "pay_tip_info_lt.png", "specialname": "pay_tip_info_lt.png" }
			]
		},
		{ 
			"id": 31,
			"elements": [
				{ "type": "image", "x": 0, "y": 0, "width": 480, "height": 800, "defaultname": "pay_bg.png", "specialname": "pay_bg.png" },
				{ "type": "confirmbutton", "x": 130, "y": 630, "width": 220, "height": 80, "defaultname": "pay_confirm_up.png", "specialname": "pay_confirm_down.png" },
				{ "type": "cancelbutton", "x": 410, "y": 10, "width": 60, "height": 60, "defaultname": "pay_cancel_up.png", "specialname": "pay_cancel_down.png" },
				{ "type": "image", "x": 0, "y": 255, "width": 480, "height": 260, "defaultname": "pay_tip_goods_2.png", "specialname": "pay_tip_goods_2.png" },
				{ "type": "image", "x": 0, "y": 520, "width": 480, "height": 100, "defaultname": "pay_title_4.png", "specialname": "pay_title_4.png" },
				{ "type": "image", "x": 0, "y": 680, "width": 480, "height": 90, "defaultname": "pay_tip_info_lt.png", "specialname": "pay_tip_info_lt.png" }
			]
		},
		{ 
			"id": 32,
			"elements": [
				{ "type": "image", "x": 0, "y": 0, "width": 480, "height": 800, "defaultname": "pay_bg.png", "specialname": "pay_bg.png" },
				{ "type": "confirmbutton", "x": 130, "y": 630, "width": 220, "height": 80, "defaultname": "pay_confirm_up.png", "specialname": "pay_confirm_down.png" },
				{ "type": "cancelbutton", "x": 410, "y": 10, "width": 60, "height": 60, "defaultname": "pay_cancel_up.png", "specialname": "pay_cancel_down.png" },
				{ "type": "image", "x": 0, "y": 255, "width": 480, "height": 260, "defaultname": "pay_tip_goods_1.png", "specialname": "pay_tip_goods_1.png" },
				{ "type": "image", "x": 0, "y": 520, "width": 480, "height": 100, "defaultname": "pay_title_1.png", "specialname": "pay_title_1.png" },
				{ "type": "image", "x": 0, "y": 680, "width": 480, "height": 90, "defaultname": "pay_tip_info_lt.png", "specialname": "pay_tip_info_lt.png" }
			]
		},
		{ 
			"id": 33,
			"elements": [
				{ "type": "image", "x": 0, "y": 0, "width": 480, "height": 800, "defaultname": "pay_bg.png", "specialname": "pay_bg.png" },
				{ "type": "confirmbutton", "x": 130, "y": 630, "width": 220, "height": 80, "defaultname": "pay_confirm_up.png", "specialname": "pay_confirm_down.png" },
				{ "type": "cancelbutton", "x": 410, "y": 10, "width": 60, "height": 60, "defaultname": "pay_cancel_up.png", "specialname": "pay_cancel_down.png" },
				{ "type": "image", "x": 0, "y": 255, "width": 480, "height": 260, "defaultname": "pay_tip_goods_1.png", "specialname": "pay_tip_goods_1.png" },
				{ "type": "image", "x": 0, "y": 520, "width": 480, "height": 100, "defaultname": "pay_title_2.png", "specialname": "pay_title_2.png" },
				{ "type": "image", "x": 0, "y": 680, "width": 480, "height": 90, "defaultname": "pay_tip_info_lt.png", "specialname": "pay_tip_info_lt.png" }
			]
		},
		{ 
			"id": 34,
			"elements": [
				{ "type": "image", "x": 0, "y": 0, "width": 480, "height": 800, "defaultname": "pay_bg.png", "specialname": "pay_bg.png" },
				{ "type": "confirmbutton", "x": 130, "y": 630, "width": 220, "height": 80, "defaultname": "pay_confirm_up.png", "specialname": "pay_confirm_down.png" },
				{ "type": "cancelbutton", "x": 410, "y": 10, "width": 60, "height": 60, "defaultname": "pay_cancel_up.png", "specialname": "pay_cancel_down.png" },
				{ "type": "image", "x": 0, "y": 255, "width": 480, "height": 260, "defaultname": "pay_tip_goods_1.png", "specialname": "pay_tip_goods_1.png" },
				{ "type": "image", "x": 0, "y": 520, "width": 480, "height": 100, "defaultname": "pay_title_3.png", "specialname": "pay_title_3.png" },
				{ "type": "image", "x": 0, "y": 680, "width": 480, "height": 90, "defaultname": "pay_tip_info_lt.png", "specialname": "pay_tip_info_lt.png" }
			]
		},
		{ 
			"id": 35,
			"elements": [
				{ "type": "image", "x": 0, "y": 0, "width": 480, "height": 800, "defaultname": "pay_bg.png", "specialname": "pay_bg.png" },
				{ "type": "confirmbutton", "x": 130, "y": 630, "width": 220, "height": 80, "defaultname": "pay_confirm_up.png", "specialname": "pay_confirm_down.png" },
				{ "type": "cancelbutton", "x": 410, "y": 10, "width": 60, "height": 60, "defaultname": "pay_cancel_up.png", "specialname": "pay_cancel_down.png" },
				{ "type": "image", "x": 0, "y": 255, "width": 480, "height": 260, "defaultname": "pay_tip_goods_1.png", "specialname": "pay_tip_goods_1.png" },
				{ "type": "image", "x": 0, "y": 520, "width": 480, "height": 100, "defaultname": "pay_title_1.png", "specialname": "pay_title_1.png" },
				{ "type": "image", "x": 0, "y": 680, "width": 480, "height": 90, "defaultname": "pay_tip_info_lt.png", "specialname": "pay_tip_info_lt.png" }
			]
		},
		{ 
			"id": 36,
			"elements": [
				{ "type": "image", "x": 0, "y": 0, "width": 480, "height": 800, "defaultname": "pay_bg.png", "specialname": "pay_bg.png" },
				{ "type": "confirmbutton", "x": 130, "y": 630, "width": 220, "height": 80, "defaultname": "pay_confirm_up.png", "specialname": "pay_confirm_down.png" },
				{ "type": "cancelbutton", "x": 410, "y": 10, "width": 60, "height": 60, "defaultname": "pay_cancel_up.png", "specialname": "pay_cancel_down.png" },
				{ "type": "image", "x": 0, "y": 255, "width": 480, "height": 260, "defaultname": "pay_tip_goods_1.png", "specialname": "pay_tip_goods_1.png" },
				{ "type": "image", "x": 0, "y": 520, "width": 480, "height": 100, "defaultname": "pay_title_2.png", "specialname": "pay_title_2.png" },
				{ "type": "image", "x": 0, "y": 680, "width": 480, "height": 90, "defaultname": "pay_tip_info_lt.png", "specialname": "pay_tip_info_lt.png" }
			]
		},
		{ 
			"id": 37,
			"elements": [
				{ "type": "image", "x": 0, "y": 0, "width": 480, "height": 800, "defaultname": "pay_bg.png", "specialname": "pay_bg.png" },
				{ "type": "confirmbutton", "x": 130, "y": 630, "width": 220, "height": 80, "defaultname": "pay_confirm_up.png", "specialname": "pay_confirm_down.png" },
				{ "type": "cancelbutton", "x": 410, "y": 10, "width": 60, "height": 60, "defaultname": "pay_cancel_up.png", "specialname": "pay_cancel_down.png" },
				{ "type": "image", "x": 0, "y": 255, "width": 480, "height": 260, "defaultname": "pay_tip_goods_1.png", "specialname": "pay_tip_goods_1.png" },
				{ "type": "image", "x": 0, "y": 520, "width": 480, "height": 100, "defaultname": "pay_title_3.png", "specialname": "pay_title_3.png" },
				{ "type": "image", "x": 0, "y": 680, "width": 480, "height": 90, "defaultname": "pay_tip_info_lt.png", "specialname": "pay_tip_info_lt.png" }
			]
		},
		{ 
			"id": 38,
			"elements": [
				{ "type": "image", "x": 0, "y": 0, "width": 480, "height": 800, "defaultname": "pay_bg.png", "specialname": "pay_bg.png" },
				{ "type": "confirmbutton", "x": 130, "y": 630, "width": 220, "height": 80, "defaultname": "pay_confirm_up.png", "specialname": "pay_confirm_down.png" },
				{ "type": "cancelbutton", "x": 410, "y": 10, "width": 60, "height": 60, "defaultname": "pay_cancel_up.png", "specialname": "pay_cancel_down.png" },
				{ "type": "image", "x": 0, "y": 255, "width": 480, "height": 260, "defaultname": "pay_tip_goods_1.png", "specialname": "pay_tip_goods_1.png" },
				{ "type": "image", "x": 0, "y": 520, "width": 480, "height": 100, "defaultname": "pay_title_11.png", "specialname": "pay_title_11.png" },
				{ "type": "image", "x": 0, "y": 680, "width": 480, "height": 90, "defaultname": "pay_tip_info_lt.png", "specialname": "pay_tip_info_lt.png" }
			]
		},
		{ 
			"id": 39,
			"elements": [
				{ "type": "image", "x": 0, "y": 0, "width": 480, "height": 800, "defaultname": "pay_bg.png", "specialname": "pay_bg.png" },
				{ "type": "confirmbutton", "x": 130, "y": 630, "width": 220, "height": 80, "defaultname": "pay_confirm_up.png", "specialname": "pay_confirm_down.png" },
				{ "type": "cancelbutton", "x": 410, "y": 10, "width": 60, "height": 60, "defaultname": "pay_cancel_up.png", "specialname": "pay_cancel_down.png" },
				{ "type": "image", "x": 0, "y": 255, "width": 480, "height": 260, "defaultname": "pay_tip_goods_3.png", "specialname": "pay_tip_goods_3.png" },
				{ "type": "image", "x": 0, "y": 520, "width": 480, "height": 100, "defaultname": "pay_title_12.png", "specialname": "pay_title_12.png" },
				{ "type": "image", "x": 0, "y": 680, "width": 480, "height": 90, "defaultname": "pay_tip_info_lt.png", "specialname": "pay_tip_info_lt.png" }
			]
		},
		{ 
			"id": 40,
			"elements": [
				{ "type": "image", "x": 0, "y": 0, "width": 480, "height": 800, "defaultname": "pay_bg.png", "specialname": "pay_bg.png" },
				{ "type": "confirmbutton", "x": 130, "y": 630, "width": 220, "height": 80, "defaultname": "pay_confirm_up.png", "specialname": "pay_confirm_down.png" },
				{ "type": "cancelbutton", "x": 410, "y": 10, "width": 60, "height": 60, "defaultname": "pay_cancel_up.png", "specialname": "pay_cancel_down.png" },
				{ "type": "image", "x": 0, "y": 255, "width": 480, "height": 260, "defaultname": "pay_tip_goods_3.png", "specialname": "pay_tip_goods_3.png" },
				{ "type": "image", "x": 0, "y": 520, "width": 480, "height": 100, "defaultname": "pay_title_13.png", "specialname": "pay_title_13.png" },
				{ "type": "image", "x": 0, "y": 680, "width": 480, "height": 90, "defaultname": "pay_tip_info_lt.png", "specialname": "pay_tip_info_lt.png" }
			]
		},
		{ 
			"id": 41,
			"elements": [
				{ "type": "image", "x": 0, "y": 0, "width": 480, "height": 800, "defaultname": "pay_bg.png", "specialname": "pay_bg.png" },
				{ "type": "confirmbutton", "x": 130, "y": 630, "width": 220, "height": 80, "defaultname": "pay_confirm_up.png", "specialname": "pay_confirm_down.png" },
				{ "type": "cancelbutton", "x": 410, "y": 10, "width": 60, "height": 60, "defaultname": "pay_cancel_up.png", "specialname": "pay_cancel_down.png" },
				{ "type": "image", "x": 0, "y": 255, "width": 480, "height": 260, "defaultname": "pay_tip_goods_1.png", "specialname": "pay_tip_goods_1.png" },
				{ "type": "image", "x": 0, "y": 520, "width": 480, "height": 100, "defaultname": "pay_title_1.png", "specialname": "pay_title_1.png" },
				{ "type": "image", "x": 0, "y": 680, "width": 480, "height": 90, "defaultname": "pay_tip_info_sky.png", "specialname": "pay_tip_info_sky.png" }
			]
		},
		{ 
			"id": 42,
			"elements": [
				{ "type": "image", "x": 0, "y": 0, "width": 480, "height": 800, "defaultname": "pay_bg.png", "specialname": "pay_bg.png" },
				{ "type": "confirmbutton", "x": 130, "y": 630, "width": 220, "height": 80, "defaultname": "pay_confirm_up.png", "specialname": "pay_confirm_down.png" },
				{ "type": "cancelbutton", "x": 410, "y": 10, "width": 60, "height": 60, "defaultname": "pay_cancel_up.png", "specialname": "pay_cancel_down.png" },
				{ "type": "image", "x": 0, "y": 255, "width": 480, "height": 260, "defaultname": "pay_tip_goods_1.png", "specialname": "pay_tip_goods_1.png" },
				{ "type": "image", "x": 0, "y": 520, "width": 480, "height": 100, "defaultname": "pay_title_2.png", "specialname": "pay_title_2.png" },
				{ "type": "image", "x": 0, "y": 680, "width": 480, "height": 90, "defaultname": "pay_tip_info_sky.png", "specialname": "pay_tip_info_sky.png" }
			]
		},
		{ 
			"id": 43,
			"elements": [
				{ "type": "image", "x": 0, "y": 0, "width": 480, "height": 800, "defaultname": "pay_bg.png", "specialname": "pay_bg.png" },
				{ "type": "confirmbutton", "x": 130, "y": 630, "width": 220, "height": 80, "defaultname": "pay_confirm_up.png", "specialname": "pay_confirm_down.png" },
				{ "type": "cancelbutton", "x": 410, "y": 10, "width": 60, "height": 60, "defaultname": "pay_cancel_up.png", "specialname": "pay_cancel_down.png" },
				{ "type": "image", "x": 0, "y": 255, "width": 480, "height": 260, "defaultname": "pay_tip_goods_1.png", "specialname": "pay_tip_goods_1.png" },
				{ "type": "image", "x": 0, "y": 520, "width": 480, "height": 100, "defaultname": "pay_title_3.png", "specialname": "pay_title_3.png" },
				{ "type": "image", "x": 0, "y": 680, "width": 480, "height": 90, "defaultname": "pay_tip_info_sky.png", "specialname": "pay_tip_info_sky.png" }
			]
		},
		{ 
			"id": 44,
			"elements": [
				{ "type": "image", "x": 0, "y": 0, "width": 480, "height": 800, "defaultname": "pay_bg.png", "specialname": "pay_bg.png" },
				{ "type": "confirmbutton", "x": 130, "y": 630, "width": 220, "height": 80, "defaultname": "pay_confirm_up.png", "specialname": "pay_confirm_down.png" },
				{ "type": "cancelbutton", "x": 410, "y": 10, "width": 60, "height": 60, "defaultname": "pay_cancel_up.png", "specialname": "pay_cancel_down.png" },
				{ "type": "image", "x": 0, "y": 255, "width": 480, "height": 260, "defaultname": "pay_tip_goods_2.png", "specialname": "pay_tip_goods_2.png" },
				{ "type": "image", "x": 0, "y": 520, "width": 480, "height": 100, "defaultname": "pay_title_4.png", "specialname": "pay_title_4.png" },
				{ "type": "image", "x": 0, "y": 680, "width": 480, "height": 90, "defaultname": "pay_tip_info_sky.png", "specialname": "pay_tip_info_sky.png" }
			]
		},
		{ 
			"id": 45,
			"elements": [
				{ "type": "image", "x": 0, "y": 0, "width": 480, "height": 800, "defaultname": "pay_bg.png", "specialname": "pay_bg.png" },
				{ "type": "confirmbutton", "x": 130, "y": 630, "width": 220, "height": 80, "defaultname": "pay_confirm_up.png", "specialname": "pay_confirm_down.png" },
				{ "type": "cancelbutton", "x": 410, "y": 10, "width": 60, "height": 60, "defaultname": "pay_cancel_up.png", "specialname": "pay_cancel_down.png" },
				{ "type": "image", "x": 0, "y": 255, "width": 480, "height": 260, "defaultname": "pay_tip_goods_1.png", "specialname": "pay_tip_goods_1.png" },
				{ "type": "image", "x": 0, "y": 520, "width": 480, "height": 100, "defaultname": "pay_title_1.png", "specialname": "pay_title_1.png" },
				{ "type": "image", "x": 0, "y": 680, "width": 480, "height": 90, "defaultname": "pay_tip_info_sky.png", "specialname": "pay_tip_info_sky.png" }
			]
		},
		{ 
			"id": 46,
			"elements": [
				{ "type": "image", "x": 0, "y": 0, "width": 480, "height": 800, "defaultname": "pay_bg.png", "specialname": "pay_bg.png" },
				{ "type": "confirmbutton", "x": 130, "y": 630, "width": 220, "height": 80, "defaultname": "pay_confirm_up.png", "specialname": "pay_confirm_down.png" },
				{ "type": "cancelbutton", "x": 410, "y": 10, "width": 60, "height": 60, "defaultname": "pay_cancel_up.png", "specialname": "pay_cancel_down.png" },
				{ "type": "image", "x": 0, "y": 255, "width": 480, "height": 260, "defaultname": "pay_tip_goods_1.png", "specialname": "pay_tip_goods_1.png" },
				{ "type": "image", "x": 0, "y": 520, "width": 480, "height": 100, "defaultname": "pay_title_2.png", "specialname": "pay_title_2.png" },
				{ "type": "image", "x": 0, "y": 680, "width": 480, "height": 90, "defaultname": "pay_tip_info_sky.png", "specialname": "pay_tip_info_sky.png" }
			]
		},
		{ 
			"id": 47,
			"elements": [
				{ "type": "image", "x": 0, "y": 0, "width": 480, "height": 800, "defaultname": "pay_bg.png", "specialname": "pay_bg.png" },
				{ "type": "confirmbutton", "x": 130, "y": 630, "width": 220, "height": 80, "defaultname": "pay_confirm_up.png", "specialname": "pay_confirm_down.png" },
				{ "type": "cancelbutton", "x": 410, "y": 10, "width": 60, "height": 60, "defaultname": "pay_cancel_up.png", "specialname": "pay_cancel_down.png" },
				{ "type": "image", "x": 0, "y": 255, "width": 480, "height": 260, "defaultname": "pay_tip_goods_1.png", "specialname": "pay_tip_goods_1.png" },
				{ "type": "image", "x": 0, "y": 520, "width": 480, "height": 100, "defaultname": "pay_title_3.png", "specialname": "pay_title_3.png" },
				{ "type": "image", "x": 0, "y": 680, "width": 480, "height": 90, "defaultname": "pay_tip_info_sky.png", "specialname": "pay_tip_info_sky.png" }
			]
		},
		{ 
			"id": 48,
			"elements": [
				{ "type": "image", "x": 0, "y": 0, "width": 480, "height": 800, "defaultname": "pay_bg.png", "specialname": "pay_bg.png" },
				{ "type": "confirmbutton", "x": 130, "y": 630, "width": 220, "height": 80, "defaultname": "pay_confirm_up.png", "specialname": "pay_confirm_down.png" },
				{ "type": "cancelbutton", "x": 410, "y": 10, "width": 60, "height": 60, "defaultname": "pay_cancel_up.png", "specialname": "pay_cancel_down.png" },
				{ "type": "image", "x": 0, "y": 255, "width": 480, "height": 260, "defaultname": "pay_tip_goods_1.png", "specialname": "pay_tip_goods_1.png" },
				{ "type": "image", "x": 0, "y": 520, "width": 480, "height": 100, "defaultname": "pay_title_1.png", "specialname": "pay_title_1.png" },
				{ "type": "image", "x": 0, "y": 680, "width": 480, "height": 90, "defaultname": "pay_tip_info_sky.png", "specialname": "pay_tip_info_sky.png" }
			]
		},
		{ 
			"id": 49,
			"elements": [
				{ "type": "image", "x": 0, "y": 0, "width": 480, "height": 800, "defaultname": "pay_bg.png", "specialname": "pay_bg.png" },
				{ "type": "confirmbutton", "x": 130, "y": 630, "width": 220, "height": 80, "defaultname": "pay_confirm_up.png", "specialname": "pay_confirm_down.png" },
				{ "type": "cancelbutton", "x": 410, "y": 10, "width": 60, "height": 60, "defaultname": "pay_cancel_up.png", "specialname": "pay_cancel_down.png" },
				{ "type": "image", "x": 0, "y": 255, "width": 480, "height": 260, "defaultname": "pay_tip_goods_1.png", "specialname": "pay_tip_goods_1.png" },
				{ "type": "image", "x": 0, "y": 520, "width": 480, "height": 100, "defaultname": "pay_title_2.png", "specialname": "pay_title_2.png" },
				{ "type": "image", "x": 0, "y": 680, "width": 480, "height": 90, "defaultname": "pay_tip_info_sky.png", "specialname": "pay_tip_info_sky.png" }
			]
		},
		{ 
			"id": 50,
			"elements": [
				{ "type": "image", "x": 0, "y": 0, "width": 480, "height": 800, "defaultname": "pay_bg.png", "specialname": "pay_bg.png" },
				{ "type": "confirmbutton", "x": 130, "y": 630, "width": 220, "height": 80, "defaultname": "pay_confirm_up.png", "specialname": "pay_confirm_down.png" },
				{ "type": "cancelbutton", "x": 410, "y": 10, "width": 60, "height": 60, "defaultname": "pay_cancel_up.png", "specialname": "pay_cancel_down.png" },
				{ "type": "image", "x": 0, "y": 255, "width": 480, "height": 260, "defaultname": "pay_tip_goods_1.png", "specialname": "pay_tip_goods_1.png" },
				{ "type": "image", "x": 0, "y": 520, "width": 480, "height": 100, "defaultname": "pay_title_3.png", "specialname": "pay_title_3.png" },
				{ "type": "image", "x": 0, "y": 680, "width": 480, "height": 90, "defaultname": "pay_tip_info_sky.png", "specialname": "pay_tip_info_sky.png" }
			]
		},
		{ 
			"id": 51,
			"elements": [
				{ "type": "image", "x": 0, "y": 0, "width": 480, "height": 800, "defaultname": "pay_bg.png", "specialname": "pay_bg.png" },
				{ "type": "confirmbutton", "x": 130, "y": 630, "width": 220, "height": 80, "defaultname": "pay_confirm_up.png", "specialname": "pay_confirm_down.png" },
				{ "type": "cancelbutton", "x": 410, "y": 10, "width": 60, "height": 60, "defaultname": "pay_cancel_up.png", "specialname": "pay_cancel_down.png" },
				{ "type": "image", "x": 0, "y": 255, "width": 480, "height": 260, "defaultname": "pay_tip_goods_1.png", "specialname": "pay_tip_goods_1.png" },
				{ "type": "image", "x": 0, "y": 520, "width": 480, "height": 100, "defaultname": "pay_title_11.png", "specialname": "pay_title_11.png" },
				{ "type": "image", "x": 0, "y": 680, "width": 480, "height": 90, "defaultname": "pay_tip_info_sky.png", "specialname": "pay_tip_info_sky.png" }
			]
		},
		{ 
			"id": 52,
			"elements": [
				{ "type": "image", "x": 0, "y": 0, "width": 480, "height": 800, "defaultname": "pay_bg.png", "specialname": "pay_bg.png" },
				{ "type": "confirmbutton", "x": 130, "y": 630, "width": 220, "height": 80, "defaultname": "pay_confirm_up.png", "specialname": "pay_confirm_down.png" },
				{ "type": "cancelbutton", "x": 410, "y": 10, "width": 60, "height": 60, "defaultname": "pay_cancel_up.png", "specialname": "pay_cancel_down.png" },
				{ "type": "image", "x": 0, "y": 255, "width": 480, "height": 260, "defaultname": "pay_tip_goods_3.png", "specialname": "pay_tip_goods_3.png" },
				{ "type": "image", "x": 0, "y": 520, "width": 480, "height": 100, "defaultname": "pay_title_12.png", "specialname": "pay_title_12.png" },
				{ "type": "image", "x": 0, "y": 680, "width": 480, "height": 90, "defaultname": "pay_tip_info_sky.png", "specialname": "pay_tip_info_sky.png" }
			]
		},
		{ 
			"id": 53,
			"elements": [
				{ "type": "image", "x": 0, "y": 0, "width": 480, "height": 800, "defaultname": "pay_bg.png", "specialname": "pay_bg.png" },
				{ "type": "confirmbutton", "x": 130, "y": 630, "width": 220, "height": 80, "defaultname": "pay_confirm_up.png", "specialname": "pay_confirm_down.png" },
				{ "type": "cancelbutton", "x": 410, "y": 10, "width": 60, "height": 60, "defaultname": "pay_cancel_up.png", "specialname": "pay_cancel_down.png" },
				{ "type": "image", "x": 0, "y": 255, "width": 480, "height": 260, "defaultname": "pay_tip_goods_3.png", "specialname": "pay_tip_goods_3.png" },
				{ "type": "image", "x": 0, "y": 520, "width": 480, "height": 100, "defaultname": "pay_title_13.png", "specialname": "pay_title_13.png" },
				{ "type": "image", "x": 0, "y": 680, "width": 480, "height": 90, "defaultname": "pay_tip_info_sky.png", "specialname": "pay_tip_info_sky.png" }
			]
		},
		{ 
			"id": 54,
			"elements": [
				{ "type": "image", "x": 0, "y": 0, "width": 480, "height": 800, "defaultname": "pay_bg.png", "specialname": "pay_bg.png" },
				{ "type": "confirmbutton", "x": 130, "y": 630, "width": 220, "height": 80, "defaultname": "pay_confirm_up.png", "specialname": "pay_confirm_down.png" },
				{ "type": "cancelbutton", "x": 410, "y": 10, "width": 60, "height": 60, "defaultname": "pay_cancel_up.png", "specialname": "pay_cancel_down.png" },
				{ "type": "image", "x": 0, "y": 255, "width": 480, "height": 260, "defaultname": "pay_tip_goods_1.png", "specialname": "pay_tip_goods_1.png" },
				{ "type": "image", "x": 0, "y": 520, "width": 480, "height": 100, "defaultname": "pay_title_1.png", "specialname": "pay_title_1.png" },
				{ "type": "image", "x": 0, "y": 680, "width": 480, "height": 90, "defaultname": "pay_tip_info.png", "specialname": "pay_tip_info.png" }
			]
		},
		{ 
			"id": 55,
			"elements": [
				{ "type": "image", "x": 0, "y": 0, "width": 480, "height": 800, "defaultname": "pay_bg.png", "specialname": "pay_bg.png" },
				{ "type": "confirmbutton", "x": 130, "y": 630, "width": 220, "height": 80, "defaultname": "pay_confirm_up.png", "specialname": "pay_confirm_down.png" },
				{ "type": "cancelbutton", "x": 410, "y": 10, "width": 60, "height": 60, "defaultname": "pay_cancel_up.png", "specialname": "pay_cancel_down.png" },
				{ "type": "image", "x": 0, "y": 255, "width": 480, "height": 260, "defaultname": "pay_tip_goods_1.png", "specialname": "pay_tip_goods_1.png" },
				{ "type": "image", "x": 0, "y": 520, "width": 480, "height": 100, "defaultname": "pay_title_2.png", "specialname": "pay_title_2.png" },
				{ "type": "image", "x": 0, "y": 680, "width": 480, "height": 90, "defaultname": "pay_tip_info.png", "specialname": "pay_tip_info.png" }
			]
		},
		{ 
			"id": 56,
			"elements": [
				{ "type": "image", "x": 0, "y": 0, "width": 480, "height": 800, "defaultname": "pay_bg.png", "specialname": "pay_bg.png" },
				{ "type": "confirmbutton", "x": 130, "y": 630, "width": 220, "height": 80, "defaultname": "pay_confirm_up.png", "specialname": "pay_confirm_down.png" },
				{ "type": "cancelbutton", "x": 410, "y": 10, "width": 60, "height": 60, "defaultname": "pay_cancel_up.png", "specialname": "pay_cancel_down.png" },
				{ "type": "image", "x": 0, "y": 255, "width": 480, "height": 260, "defaultname": "pay_tip_goods_1.png", "specialname": "pay_tip_goods_1.png" },
				{ "type": "image", "x": 0, "y": 520, "width": 480, "height": 100, "defaultname": "pay_title_3.png", "specialname": "pay_title_3.png" },
				{ "type": "image", "x": 0, "y": 680, "width": 480, "height": 90, "defaultname": "pay_tip_info.png", "specialname": "pay_tip_info.png" }
			]
		},
		{ 
			"id": 57,
			"elements": [
				{ "type": "image", "x": 0, "y": 0, "width": 480, "height": 800, "defaultname": "pay_bg.png", "specialname": "pay_bg.png" },
				{ "type": "confirmbutton", "x": 130, "y": 630, "width": 220, "height": 80, "defaultname": "pay_confirm_up.png", "specialname": "pay_confirm_down.png" },
				{ "type": "cancelbutton", "x": 410, "y": 10, "width": 60, "height": 60, "defaultname": "pay_cancel_up.png", "specialname": "pay_cancel_down.png" },
				{ "type": "image", "x": 0, "y": 255, "width": 480, "height": 260, "defaultname": "pay_tip_goods_2.png", "specialname": "pay_tip_goods_2.png" },
				{ "type": "image", "x": 0, "y": 520, "width": 480, "height": 100, "defaultname": "pay_title_4.png", "specialname": "pay_title_4.png" },
				{ "type": "image", "x": 0, "y": 680, "width": 480, "height": 90, "defaultname": "pay_tip_info.png", "specialname": "pay_tip_info.png" }
			]
		},
		{ 
			"id": 58,
			"elements": [
				{ "type": "image", "x": 0, "y": 0, "width": 480, "height": 800, "defaultname": "pay_bg.png", "specialname": "pay_bg.png" },
				{ "type": "confirmbutton", "x": 130, "y": 630, "width": 220, "height": 80, "defaultname": "pay_confirm_up.png", "specialname": "pay_confirm_down.png" },
				{ "type": "cancelbutton", "x": 410, "y": 10, "width": 60, "height": 60, "defaultname": "pay_cancel_up.png", "specialname": "pay_cancel_down.png" },
				{ "type": "image", "x": 0, "y": 255, "width": 480, "height": 260, "defaultname": "pay_tip_goods_1.png", "specialname": "pay_tip_goods_1.png" },
				{ "type": "image", "x": 0, "y": 520, "width": 480, "height": 100, "defaultname": "pay_title_1.png", "specialname": "pay_title_1.png" },
				{ "type": "image", "x": 0, "y": 680, "width": 480, "height": 90, "defaultname": "pay_tip_info.png", "specialname": "pay_tip_info.png" }
			]
		},
		{ 
			"id": 59,
			"elements": [
				{ "type": "image", "x": 0, "y": 0, "width": 480, "height": 800, "defaultname": "pay_bg.png", "specialname": "pay_bg.png" },
				{ "type": "confirmbutton", "x": 130, "y": 630, "width": 220, "height": 80, "defaultname": "pay_confirm_up.png", "specialname": "pay_confirm_down.png" },
				{ "type": "cancelbutton", "x": 410, "y": 10, "width": 60, "height": 60, "defaultname": "pay_cancel_up.png", "specialname": "pay_cancel_down.png" },
				{ "type": "image", "x": 0, "y": 255, "width": 480, "height": 260, "defaultname": "pay_tip_goods_1.png", "specialname": "pay_tip_goods_1.png" },
				{ "type": "image", "x": 0, "y": 520, "width": 480, "height": 100, "defaultname": "pay_title_2.png", "specialname": "pay_title_2.png" },
				{ "type": "image", "x": 0, "y": 680, "width": 480, "height": 90, "defaultname": "pay_tip_info.png", "specialname": "pay_tip_info.png" }
			]
		},
		{ 
			"id": 60,
			"elements": [
				{ "type": "image", "x": 0, "y": 0, "width": 480, "height": 800, "defaultname": "pay_bg.png", "specialname": "pay_bg.png" },
				{ "type": "confirmbutton", "x": 130, "y": 630, "width": 220, "height": 80, "defaultname": "pay_confirm_up.png", "specialname": "pay_confirm_down.png" },
				{ "type": "cancelbutton", "x": 410, "y": 10, "width": 60, "height": 60, "defaultname": "pay_cancel_up.png", "specialname": "pay_cancel_down.png" },
				{ "type": "image", "x": 0, "y": 255, "width": 480, "height": 260, "defaultname": "pay_tip_goods_1.png", "specialname": "pay_tip_goods_1.png" },
				{ "type": "image", "x": 0, "y": 520, "width": 480, "height": 100, "defaultname": "pay_title_3.png", "specialname": "pay_title_3.png" },
				{ "type": "image", "x": 0, "y": 680, "width": 480, "height": 90, "defaultname": "pay_tip_info.png", "specialname": "pay_tip_info.png" }
			]
		},
		{ 
			"id": 61,
			"elements": [
				{ "type": "image", "x": 0, "y": 0, "width": 480, "height": 800, "defaultname": "pay_bg.png", "specialname": "pay_bg.png" },
				{ "type": "confirmbutton", "x": 130, "y": 630, "width": 220, "height": 80, "defaultname": "pay_confirm_up.png", "specialname": "pay_confirm_down.png" },
				{ "type": "cancelbutton", "x": 410, "y": 10, "width": 60, "height": 60, "defaultname": "pay_cancel_up.png", "specialname": "pay_cancel_down.png" },
				{ "type": "image", "x": 0, "y": 255, "width": 480, "height": 260, "defaultname": "pay_tip_goods_1.png", "specialname": "pay_tip_goods_1.png" },
				{ "type": "image", "x": 0, "y": 520, "width": 480, "height": 100, "defaultname": "pay_title_1.png", "specialname": "pay_title_1.png" },
				{ "type": "image", "x": 0, "y": 680, "width": 480, "height": 90, "defaultname": "pay_tip_info.png", "specialname": "pay_tip_info.png" }
			]
		},
		{ 
			"id": 62,
			"elements": [
				{ "type": "image", "x": 0, "y": 0, "width": 480, "height": 800, "defaultname": "pay_bg.png", "specialname": "pay_bg.png" },
				{ "type": "confirmbutton", "x": 130, "y": 630, "width": 220, "height": 80, "defaultname": "pay_confirm_up.png", "specialname": "pay_confirm_down.png" },
				{ "type": "cancelbutton", "x": 410, "y": 10, "width": 60, "height": 60, "defaultname": "pay_cancel_up.png", "specialname": "pay_cancel_down.png" },
				{ "type": "image", "x": 0, "y": 255, "width": 480, "height": 260, "defaultname": "pay_tip_goods_1.png", "specialname": "pay_tip_goods_1.png" },
				{ "type": "image", "x": 0, "y": 520, "width": 480, "height": 100, "defaultname": "pay_title_2.png", "specialname": "pay_title_2.png" },
				{ "type": "image", "x": 0, "y": 680, "width": 480, "height": 90, "defaultname": "pay_tip_info.png", "specialname": "pay_tip_info.png" }
			]
		},
		{ 
			"id": 63,
			"elements": [
				{ "type": "image", "x": 0, "y": 0, "width": 480, "height": 800, "defaultname": "pay_bg.png", "specialname": "pay_bg.png" },
				{ "type": "confirmbutton", "x": 130, "y": 630, "width": 220, "height": 80, "defaultname": "pay_confirm_up.png", "specialname": "pay_confirm_down.png" },
				{ "type": "cancelbutton", "x": 410, "y": 10, "width": 60, "height": 60, "defaultname": "pay_cancel_up.png", "specialname": "pay_cancel_down.png" },
				{ "type": "image", "x": 0, "y": 255, "width": 480, "height": 260, "defaultname": "pay_tip_goods_1.png", "specialname": "pay_tip_goods_1.png" },
				{ "type": "image", "x": 0, "y": 520, "width": 480, "height": 100, "defaultname": "pay_title_3.png", "specialname": "pay_title_3.png" },
				{ "type": "image", "x": 0, "y": 680, "width": 480, "height": 90, "defaultname": "pay_tip_info.png", "specialname": "pay_tip_info.png" }
			]
		},
		{ 
			"id": 64,
			"elements": [
				{ "type": "image", "x": 0, "y": 0, "width": 480, "height": 800, "defaultname": "pay_bg.png", "specialname": "pay_bg.png" },
				{ "type": "confirmbutton", "x": 130, "y": 630, "width": 220, "height": 80, "defaultname": "pay_confirm_up.png", "specialname": "pay_confirm_down.png" },
				{ "type": "cancelbutton", "x": 410, "y": 10, "width": 60, "height": 60, "defaultname": "pay_cancel_up.png", "specialname": "pay_cancel_down.png" },
				{ "type": "image", "x": 0, "y": 255, "width": 480, "height": 260, "defaultname": "pay_tip_goods_1.png", "specialname": "pay_tip_goods_1.png" },
				{ "type": "image", "x": 0, "y": 520, "width": 480, "height": 100, "defaultname": "pay_title_11.png", "specialname": "pay_title_11.png" },
				{ "type": "image", "x": 0, "y": 680, "width": 480, "height": 90, "defaultname": "pay_tip_info.png", "specialname": "pay_tip_info.png" }
			]
		},
		{ 
			"id": 65,
			"elements": [
				{ "type": "image", "x": 0, "y": 0, "width": 480, "height": 800, "defaultname": "pay_bg.png", "specialname": "pay_bg.png" },
				{ "type": "confirmbutton", "x": 130, "y": 630, "width": 220, "height": 80, "defaultname": "pay_confirm_up.png", "specialname": "pay_confirm_down.png" },
				{ "type": "cancelbutton", "x": 410, "y": 10, "width": 60, "height": 60, "defaultname": "pay_cancel_up.png", "specialname": "pay_cancel_down.png" },
				{ "type": "image", "x": 0, "y": 255, "width": 480, "height": 260, "defaultname": "pay_tip_goods_3.png", "specialname": "pay_tip_goods_3.png" },
				{ "type": "image", "x": 0, "y": 520, "width": 480, "height": 100, "defaultname": "pay_title_12.png", "specialname": "pay_title_12.png" },
				{ "type": "image", "x": 0, "y": 680, "width": 480, "height": 90, "defaultname": "pay_tip_info.png", "specialname": "pay_tip_info.png" }
			]
		},
		{ 
			"id": 66,
			"elements": [
				{ "type": "image", "x": 0, "y": 0, "width": 480, "height": 800, "defaultname": "pay_bg.png", "specialname": "pay_bg.png" },
				{ "type": "confirmbutton", "x": 130, "y": 630, "width": 220, "height": 80, "defaultname": "pay_confirm_up.png", "specialname": "pay_confirm_down.png" },
				{ "type": "cancelbutton", "x": 410, "y": 10, "width": 60, "height": 60, "defaultname": "pay_cancel_up.png", "specialname": "pay_cancel_down.png" },
				{ "type": "image", "x": 0, "y": 255, "width": 480, "height": 260, "defaultname": "pay_tip_goods_3.png", "specialname": "pay_tip_goods_3.png" },
				{ "type": "image", "x": 0, "y": 520, "width": 480, "height": 100, "defaultname": "pay_title_13.png", "specialname": "pay_title_13.png" },
				{ "type": "image", "x": 0, "y": 680, "width": 480, "height": 90, "defaultname": "pay_tip_info.png", "specialname": "pay_tip_info.png" }
			]
		}
	]
}
